{
    "loss": 2.500249147415161,
    "accuracy": 0.7068965435028076
}